-- phpMyAdmin SQL Dump
-- version 5.2.1
-- https://www.phpmyadmin.net/
--
-- Hôte : 127.0.0.1
-- Généré le : mar. 24 mars 2026 à 14:39
-- Version du serveur : 10.4.32-MariaDB
-- Version de PHP : 8.2.12

SET SQL_MODE = "NO_AUTO_VALUE_ON_ZERO";
START TRANSACTION;
SET time_zone = "+00:00";


/*!40101 SET @OLD_CHARACTER_SET_CLIENT=@@CHARACTER_SET_CLIENT */;
/*!40101 SET @OLD_CHARACTER_SET_RESULTS=@@CHARACTER_SET_RESULTS */;
/*!40101 SET @OLD_COLLATION_CONNECTION=@@COLLATION_CONNECTION */;
/*!40101 SET NAMES utf8mb4 */;

--
-- Base de données : `sae401`
--

-- --------------------------------------------------------

--
-- Structure de la table `departement`
--

CREATE TABLE `departement` (
  `code_departement` varchar(10) NOT NULL,
  `nom_departement` varchar(255) NOT NULL,
  `region_code` varchar(10) NOT NULL
) ENGINE=InnoDB DEFAULT CHARSET=utf8mb4 COLLATE=utf8mb4_general_ci;

--
-- Déchargement des données de la table `departement`
--

INSERT INTO `departement` (`code_departement`, `nom_departement`, `region_code`) VALUES
('1', 'Ain', '84'),
('10', 'Aube', '44'),
('11', 'Aude', '76'),
('12', 'Aveyron', '76'),
('13', 'Bouches-du-Rhône', '93'),
('14', 'Calvados', '28'),
('15', 'Cantal', '84'),
('16', 'Charente', '75'),
('17', 'Charente-Maritime', '75'),
('18', 'Cher', '24'),
('19', 'Corrèze', '75'),
('2', 'Aisne', '32'),
('21', 'Côte-d\'Or', '27'),
('22', 'Côtes-d\'Armor', '53'),
('23', 'Creuse', '75'),
('24', 'Dordogne', '75'),
('25', 'Doubs', '27'),
('26', 'Drôme', '84'),
('27', 'Eure', '28'),
('28', 'Eure-et-Loir', '24'),
('29', 'Finistère', '53'),
('2A', 'Corse-du-Sud', '94'),
('2B', 'Haute-Corse', '94'),
('3', 'Allier', '84'),
('30', 'Gard', '76'),
('31', 'Haute-Garonne', '76'),
('32', 'Gers', '76'),
('33', 'Gironde', '75'),
('34', 'Hérault', '76'),
('35', 'Ille-et-Vilaine', '53'),
('36', 'Indre', '24'),
('37', 'Indre-et-Loire', '24'),
('38', 'Isère', '84'),
('39', 'Jura', '27'),
('4', 'Alpes-de-Haute-Provence', '93'),
('40', 'Landes', '75'),
('41', 'Loir-et-Cher', '24'),
('42', 'Loire', '84'),
('43', 'Haute-Loire', '84'),
('44', 'Loire-Atlantique', '52'),
('45', 'Loiret', '24'),
('46', 'Lot', '76'),
('47', 'Lot-et-Garonne', '75'),
('48', 'Lozère', '76'),
('49', 'Maine-et-Loire', '52'),
('5', 'Hautes-Alpes', '93'),
('50', 'Manche', '28'),
('51', 'Marne', '44'),
('52', 'Haute-Marne', '44'),
('53', 'Mayenne', '52'),
('54', 'Meurthe-et-Moselle', '44'),
('55', 'Meuse', '44'),
('56', 'Morbihan', '53'),
('57', 'Moselle', '44'),
('58', 'Nièvre', '27'),
('59', 'Nord', '32'),
('6', 'Alpes-Maritimes', '93'),
('60', 'Oise', '32'),
('61', 'Orne', '28'),
('62', 'Pas-de-Calais', '32'),
('63', 'Puy-de-Dôme', '84'),
('64', 'Pyrénées-Atlantiques', '75'),
('65', 'Hautes-Pyrénées', '76'),
('66', 'Pyrénées-Orientales', '76'),
('67', 'Bas-Rhin', '44'),
('68', 'Haut-Rhin', '44'),
('69', 'Rhône', '84'),
('7', 'Ardèche', '84'),
('70', 'Haute-Saône', '27'),
('71', 'Saône-et-Loire', '27'),
('72', 'Sarthe', '52'),
('73', 'Savoie', '84'),
('74', 'Haute-Savoie', '84'),
('75', 'Paris', '11'),
('76', 'Seine-Maritime', '28'),
('77', 'Seine-et-Marne', '11'),
('78', 'Yvelines', '11'),
('79', 'Deux-Sèvres', '75'),
('8', 'Ardennes', '44'),
('80', 'Somme', '32'),
('81', 'Tarn', '76'),
('82', 'Tarn-et-Garonne', '76'),
('83', 'Var', '93'),
('84', 'Vaucluse', '93'),
('85', 'Vendée', '52'),
('86', 'Vienne', '75'),
('87', 'Haute-Vienne', '75'),
('88', 'Vosges', '44'),
('89', 'Yonne', '27'),
('9', 'Ariège', '76'),
('90', 'Territoire de Belfort', '27'),
('91', 'Essonne', '11'),
('92', 'Hauts-de-Seine', '11'),
('93', 'Seine-Saint-Denis', '11'),
('94', 'Val-de-Marne', '11'),
('95', 'Val-d\'Oise', '11'),
('971', 'Guadeloupe', '1'),
('972', 'Martinique', '2'),
('973', 'Guyane', '3'),
('974', 'La Réunion', '4');

-- --------------------------------------------------------

--
-- Structure de la table `region`
--

CREATE TABLE `region` (
  `code_region` varchar(10) NOT NULL,
  `nom_region` varchar(255) NOT NULL
) ENGINE=InnoDB DEFAULT CHARSET=utf8mb4 COLLATE=utf8mb4_general_ci;

--
-- Déchargement des données de la table `region`
--

INSERT INTO `region` (`code_region`, `nom_region`) VALUES
('1', 'GUADELOUPE'),
('11', 'ÎLE-DE-FRANCE'),
('2', 'MARTINIQUE'),
('24', 'CENTRE-VAL DE LOIRE'),
('27', 'BOURGOGNE-FRANCHE-COMTÉ'),
('28', 'NORMANDIE'),
('3', 'GUYANE'),
('32', 'HAUTS-DE-FRANCE'),
('4', 'LA RÉUNION'),
('44', 'GRAND EST'),
('52', 'PAYS DE LA LOIRE'),
('53', 'BRETAGNE'),
('75', 'NOUVELLE-AQUITAINE'),
('76', 'OCCITANIE'),
('84', 'AUVERGNE-RHÔNE-ALPES'),
('93', 'PROVENCE-ALPES-CÔTE D\'AZUR'),
('94', 'CORSE');

-- --------------------------------------------------------

--
-- Structure de la table `statistique`
--

CREATE TABLE `statistique` (
  `id` int(11) NOT NULL,
  `annee` int(11) NOT NULL,
  `taux_chomage` double NOT NULL,
  `taux_pauvrete` double NOT NULL,
  `taux_logement_individuels` double NOT NULL,
  `moins_20ans` double NOT NULL,
  `plus_60ans` double NOT NULL,
  `nb_habitant` int(11) DEFAULT NULL,
  `departement_code` varchar(10) NOT NULL
) ENGINE=InnoDB DEFAULT CHARSET=utf8mb4 COLLATE=utf8mb4_general_ci;

--
-- Déchargement des données de la table `statistique`
--

INSERT INTO `statistique` (`id`, `annee`, `taux_chomage`, `taux_pauvrete`, `taux_logement_individuels`, `moins_20ans`, `plus_60ans`, `nb_habitant`, `departement_code`) VALUES
(1, 2023, 6.7, 13.9, 44, 20.788704271554, 33.464308635813, 659379, '5'),
(2, 2022, 9.1, 17.9, 37, 24, 27, 656951, '13'),
(3, 2021, 19.4, 74.66546504, 24, 27, 378068, 0, '971'),
(4, 2023, 6.4, 15, 80, 21.68582791034, 34.180766449747, 376885, '61'),
(5, 2023, 6.6, 11.8, 74, 25.026015534991, 27.408295239157, 351576, '28'),
(6, 2023, 7, 14.6, 83, 19.74670849856, 36.441130197168, 350888, '36'),
(7, 2022, 8, 13.3, 49, 24, 22, 165830, '31'),
(8, 2022, 10.5, 20, 71, 21, 34, 165171, '11'),
(9, 2022, 6.8, 12.1, 82, 22, 34, 115050, '22'),
(10, 2021, 7.3, 14.2, 28.59193042, 25, 22, 114609, '69'),
(11, 2021, 5.8, 12, 79.88599905, 21, 32, 376059, '50'),
(12, 2023, 4.1, 13.2, 76, 18.983090832136, 36.561131811023, 1079043, '15'),
(13, 2023, 6.6, 11.7, 57, 27.173226542551, 20.975308461443, 234567, '77'),
(14, 2023, 10.3, 18, 76, 24.507242169102, 28.107358301881, 184659, '2'),
(15, 2022, 9.1, 16.6, 61, 21, 35, 760313, '4'),
(16, 2022, 7.2, 13.2, 68, 25, 27, 1101039, '45'),
(17, 2021, 6.9, 13, 62.94730723, 23, 28, 1094127, '37'),
(18, 2023, 7.2, 16.2, 24, 21.039581728663, 31.31392033212, 1090123, '6'),
(19, 2022, 7.8, 15.3, 55, 22, 28, 919983, '57'),
(20, 2023, 7.7, 14.4, 64, 23.754719196952, 29.163241378381, 768617, '26'),
(21, 2023, 7.1, 15, 51, 24.172682262141, 28.96210174851, 767088, '42'),
(22, 2023, 11.7, 20.7, 56, 21.535423586073, 33.49154022127, 485651, '66'),
(23, 2022, 7.3, 20.1, 51, 20, 30, 483558, '2B'),
(24, 2022, 5.9, 10.5, 63, 26, 24, 233493, '1'),
(25, 2022, 5.9, 14, 74, 20, 35, 233489, '12'),
(26, 2022, 6.8, 12.4, 63, 23, 29, 230143, '37'),
(27, 2022, 6.5, 10.3, 38, 23, 28, 185528, '73'),
(28, 2021, 17.4, 38.9, 66.05278327, 29, 18, 184485, '974'),
(29, 2023, 5.4, 10.7, 59, 24.907149109159, 24.158973827058, 478983, '35'),
(30, 2023, 6.3, 12.4, 62, 23.030227040688, 28.501479354978, 913187, '37'),
(31, 2023, 6.3, 15.3, 66, 21.005580276026, 32.24608128952, 1088178, '87'),
(32, 2023, 7.3, 14.2, 76, 22.146109899815, 31.188143405183, 685441, '55'),
(33, 2022, 8.2, 15.3, 47, 21, 34, 229205, '83'),
(34, 2022, 6.7, 9.7, 42, 27, 23, 258766, '78'),
(35, 2022, 8, 15.3, 79, 22, 33, 306123, '81'),
(36, 2022, 10.9, 27.6, 24, 29, 17, 1203899, '93'),
(37, 2022, 14.5, 60, 41, 10, 1102251, 0, '973'),
(38, 2022, 6.5, 10, 61, 25, 24, 920279, '44'),
(39, 2021, 7.5, 15, 82.76835462, 20, 33, 753509, '16'),
(40, 2023, 6.8, 13.2, 52, 22.95775601978, 27.23803990433, 751840, '68'),
(41, 2023, 6.2, 14.1, 28, 25.152076630794, 22.352442142294, 690920, '69'),
(42, 2023, 6.3, 11.9, 60, 23.288820186927, 29.005825353887, 688474, '14'),
(43, 2022, 4.9, 14.9, 78, 20, 34, 334381, '48'),
(44, 2022, 7.4, 14.6, 83, 20, 36, 333042, '36'),
(45, 2022, 6.8, 13.2, 63, 22, 29, 306224, '63'),
(46, 2022, 9.5, 18.3, 71, 23, 30, 306043, '8'),
(47, 2022, 7.9, 12.4, 77, 20, 36, 257991, '17'),
(48, 2021, 10, 16.2, 65.68774286, 24, 28, 257906, '10'),
(49, 2021, 7.9, 16.3, 84.29379884, 18, 37, 230579, '24'),
(50, 2021, 6.9, 14.5, 77.87617402, 22, 32, 181165, '89'),
(51, 2021, 8.2, 13.3, 49.36027707, 24, 22, 180059, '31'),
(52, 2021, 7.5, 13.9, 43.19311131, 21, 32, 141039, '5'),
(53, 2022, 5.8, 11.5, 54, 22, 28, 140230, '21'),
(54, 2022, 6.5, 9.4, 40, 25, 23, 140349, '74'),
(55, 2021, 7.2, 15.5, 66.24154612, 21, 32, 1184031, '87'),
(56, 2021, 4.7, 14.5, 78.14563856, 20, 33, 181387, '48'),
(57, 2022, 7.4, 14.2, 55, 24, 26, 749136, '51'),
(58, 2022, 6.9, 13.2, 46, 27, 21, 438390, '91'),
(59, 2021, 5.6, 12.3, 85.79356316, 22, 30, 520531, '79'),
(60, 2021, 11.1, 28.4, 23.55032314, 29, 16, 333847, '93'),
(61, 2023, 6.4, 12.8, 70, 21.480634869792, 33.691013291062, 1203908, '71'),
(62, 2022, 9.8, 18.4, 66, 26, 24, 521894, '59'),
(63, 2022, 6.4, 15.4, 1, 19, 23, 519421, '75'),
(64, 2022, 9.1, 16.3, 79, 24, 29, 440161, '82'),
(65, 2021, 9, 16.8, 60.89156796, 20, 34, 439635, '4'),
(66, 2021, 14.9, 29.8, 62.22532312, 21, 30, 201110, '972'),
(67, 2021, 6, 11.2, 54.34514788, 22, 27, 201017, '21'),
(68, 2021, 8.8, 14.9, 55.90613335, 24, 26, 201755, '76'),
(69, 2021, 6.4, 13.1, 78.15488602, 20, 35, 334626, '19'),
(70, 2021, 6.1, 14.9, 81.44065453, 19, 35, 831867, '32'),
(71, 2021, 8, 15.6, 78.79756354, 21, 32, 1143364, '81'),
(72, 2021, 6.3, 10.5, 59.67329421, 25, 23, 666274, '35'),
(73, 2023, 7, 15.3, 55, 22.222116362999, 27.496732125776, 1661929, '57'),
(74, 2023, 5.6, 15.4, 1, 18.725646425515, 22.823147063682, 1461267, '75'),
(75, 2023, 5.1, 11.4, 80, 21.642593948317, 32.805971598102, 1434439, '50'),
(76, 2022, 4.3, 13.2, 76, 19, 37, 1150899, '15'),
(77, 2022, 7.3, 11.7, 57, 27, 21, 841639, '77'),
(78, 2022, 11.1, 18, 76, 25, 28, 669014, '2'),
(79, 2021, 6.8, 13.2, 76.40251235, 22, 30, 562533, '70'),
(80, 2023, 9.5, 19.5, 64, 23.432379598365, 29.403945263906, 370651, '84'),
(81, 2023, 6.9, 13.2, 68, 25.019153726935, 26.843290347106, 360241, '45'),
(82, 2023, 5.8, 16.3, 52, 20.206088761491, 31.212933675991, 332048, '2A'),
(83, 2023, 5.1, 11.9, 86, 22.811595286677, 30.874026515111, 326778, '79'),
(84, 2022, 9, 14.8, 47, 24, 27, 1154712, '90'),
(85, 2022, 6.5, 15, 74, 21, 33, 843675, '52'),
(86, 2021, 7.2, 11.4, 69.67785964, 25, 26, 664189, '49'),
(87, 2021, 10.4, 20.7, 70.74074445, 21, 33, 562700, '11'),
(88, 2021, 6.7, 13.1, 69.57069029, 21, 33, 371487, '71'),
(89, 2023, 8.1, 16.6, 61, 20.736899234155, 34.420792377736, 359915, '4'),
(90, 2023, 5.2, 10.3, 38, 23.090796765777, 27.501533155766, 332620, '73'),
(91, 2022, 6.1, 15, 81, 20, 36, 328271, '32'),
(92, 2022, 9, 17.8, 77, 25, 26, 560425, '62'),
(93, 2022, 6.4, 13.1, 78, 20, 36, 1409629, '19'),
(94, 2022, 7.7, 12.9, 75, 24, 29, 327835, '72'),
(95, 2021, 6.7, 9.7, 41.91895629, 26, 22, 361749, '78'),
(96, 2021, 8.8, 15.4, 60.06639726, 19, 34, 371228, '65'),
(97, 2021, 7.5, 14.5, 82.90344601, 19, 36, 1636085, '36'),
(98, 2023, 5.9, 13.1, 78, 19.696029776675, 35.666621956945, 1442940, '19'),
(99, 2023, 6.7, 14.6, 83, 20.76819805675, 33.352959246365, 299153, '16'),
(100, 2023, 6.1, 13.2, 45, 22.645300299988, 25.610888256119, 532576, '67'),
(101, 2023, 10.9, 62, 41.384659837504, 9.8646779996835, 1655325, 0, '973'),
(102, 2022, 9.1, 15.7, 73, 24, 27, 1462506, '80'),
(103, 2022, 8.2, 14.9, 65, 21, 33, 1434268, '88'),
(104, 2022, 7.8, 13.9, 43, 21, 33, 1098420, '5'),
(105, 2022, 7, 11.1, 70, 25, 27, 767736, '49'),
(106, 2021, 7.8, 15, 50.95714113, 24, 28, 767636, '42'),
(107, 2021, 7.2, 12, 73.80952155, 24, 27, 546630, '28'),
(108, 2021, 7.5, 12.6, 61.57252142, 23, 25, 546224, '33'),
(109, 2023, 5.6, 12.2, 51, 20.926011694552, 31.631447924506, 535275, '64'),
(110, 2021, 17.8, 60.56991175, 41, 9, 534164, 0, '973'),
(111, 2023, 7.7, 15.3, 79, 21.654839827899, 33.023898370751, 299546, '81'),
(112, 2021, 7.3, 14.5, 76.27111467, 22, 30, 298669, '55'),
(113, 2021, 7.6, 11.8, 72.8918384, 20, 32, 765130, '40'),
(114, 2023, 6.1, 11, 73, 21.916940406116, 31.186520609511, 542997, '29'),
(115, 2023, 6.7, 14.3, 78, 22.454452528411, 32.142985990019, 1085753, '89'),
(116, 2023, 6.3, 9.7, 41, 26.600713630845, 22.513511355596, 563536, '78'),
(117, 2023, 8.1, 17.8, 77, 25.20670331342, 26.187010822716, 731533, '62'),
(118, 2023, 7.4, 15.3, 72, 20.204497265096, 35.693116534731, 1099074, '3'),
(119, 2022, 5.8, 10.7, 60, 25, 24, 732085, '35'),
(120, 2022, 7.2, 12.4, 61, 23, 26, 731390, '33'),
(121, 2022, 5.6, 11.9, 86, 23, 31, 598404, '79'),
(122, 2022, 7, 15.3, 66, 21, 32, 567068, '87'),
(123, 2021, 6.7, 14.9, 74.55567362, 20, 32, 565314, '52'),
(124, 2021, 6.6, 12.3, 51.15870577, 21, 31, 494474, '64'),
(125, 2021, 7.7, 14.3, 79.29341324, 20, 33, 276600, '18'),
(126, 2021, 6.8, 15.2, 0.812070112, 18, 22, 275624, '75'),
(127, 2023, 5.4, 10.5, 63, 25.719451627716, 24.34972931822, 217378, '1'),
(128, 2023, 8.6, 16.3, 78, 24.050488797134, 29.231055316048, 277400, '82'),
(129, 2022, 8.5, 14.4, 64, 24, 29, 1269323, '26'),
(130, 2022, 6.3, 12.5, 80, 22, 33, 492896, '41'),
(131, 2022, 5.9, 8.9, 84, 23, 32, 218129, '85'),
(132, 2022, 7.8, 14, 79, 21, 34, 549364, '18'),
(133, 2021, 11, 19.7, 48.14744159, 22, 27, 568750, '34'),
(134, 2023, 4.9, 11, 80, 24.609613681738, 29.055720928105, 596993, '53'),
(135, 2022, 7.3, 12.2, 51, 24, 26, 657907, '25'),
(136, 2022, 8.6, 14.6, 56, 24, 27, 1282526, '76'),
(137, 2021, 6.6, 10, 37.75348266, 22, 27, 1280557, '73'),
(138, 2021, 8.4, 15.5, 71.84499548, 20, 35, 1049612, '3'),
(139, 2021, 6.3, 14.3, 73.96672782, 23, 28, 1045213, '86'),
(140, 2021, 6.2, 12.6, 80.29545074, 22, 32, 769112, '41'),
(141, 2021, 7.8, 16.6, 21.49987342, 25, 20, 766473, '94'),
(142, 2021, 8, 12.5, 77.28026766, 25, 26, 684609, '27'),
(143, 2021, 8.9, 17.2, 44.20622939, 28, 19, 683940, '95'),
(144, 2023, 6.7, 15.5, 78, 19.206335782546, 38.361929588045, 662032, '58'),
(145, 2023, 10.2, 26.7, 63, 21.528817915345, 30.645508985389, 660875, '972'),
(146, 2022, 7.2, 15, 80, 22, 34, 595697, '61'),
(147, 2022, 6.4, 12.2, 51, 21, 32, 567745, '64'),
(148, 2022, 7.7, 16.1, 84, 19, 38, 566872, '24'),
(149, 2022, 7.5, 14.2, 76, 22, 31, 549467, '55'),
(150, 2021, 6.6, 8.9, 39.78706661, 24, 22, 547937, '74'),
(151, 2021, 4.5, 13, 75.72375365, 18, 36, 492667, '15'),
(152, 2023, 6.3, 13, 76, 22.796400748631, 30.73539677849, 441899, '70'),
(153, 2023, 7.7, 15.5, 60, 19.842445783708, 34.915682858049, 216392, '65'),
(154, 2023, 6.4, 15, 75, 20.848015034062, 33.219403335682, 1041009, '52'),
(155, 2023, 7.4, 14.9, 65, 21.460344803634, 32.453218120945, 682187, '88'),
(156, 2023, 19.3, 75, 24.015345670666, 28.405999905662, 429641, 0, '971'),
(157, 2023, 6.4, 20.1, 50, 19.672602108573, 30.524432880722, 436834, '2B'),
(158, 2022, 7.9, 12.8, 67, 26, 24, 765546, '60'),
(159, 2022, 6.6, 12.8, 70, 21, 34, 528471, '71'),
(160, 2021, 8.2, 15.6, 46.58054705, 20, 33, 2044355, '83'),
(161, 2021, 7.3, 15.4, 79.48537061, 21, 34, 608781, '61'),
(162, 2021, 8.4, 14.4, 74.68491632, 21, 32, 2056455, '7'),
(163, 2021, 7.3, 11.8, 57.29874892, 27, 20, 2055002, '77'),
(164, 2023, 5.1, 8.9, 83, 22.702950312782, 32.529596175043, 823052, '85'),
(165, 2023, 7.4, 14, 79, 21.072222630247, 33.862912540979, 822488, '18'),
(166, 2023, 10, 27.6, 23, 28.968931847559, 17.338856934173, 614119, '93'),
(167, 2022, 7.1, 11.9, 60, 23, 29, 612237, '14'),
(168, 2022, 7.8, 12.3, 77, 25, 27, 526983, '27'),
(169, 2022, 6.5, 16.3, 52, 20, 31, 526857, '2A'),
(170, 2022, 7.5, 14.6, 53, 23, 26, 439852, '54'),
(171, 2022, 8.6, 14.3, 75, 22, 33, 430512, '7'),
(172, 2022, 6.1, 11.9, 78, 22, 32, 429083, '43'),
(173, 2021, 10.6, 19.8, 62.60916894, 22, 30, 818345, '30'),
(174, 2021, 9.1, 16.4, 73.33606924, 24, 26, 693310, '80'),
(175, 2023, 6.8, 14.6, 53, 23.112703208958, 26.337795157166, 1436079, '54'),
(176, 2023, 5.5, 11.9, 77, 22.126184993241, 32.265279973229, 1436063, '43'),
(177, 2023, 7.9, 17, 43, 28.404542807129, 19.684438112477, 698670, '95'),
(178, 2023, 5.3, 9.4, 39, 24.60781699114, 22.922333837082, 695207, '74'),
(179, 2022, 8.6, 16.2, 24, 21, 31, 170280, '6'),
(180, 2021, 6.6, 11.3, 49.10302389, 25, 24, 1426334, '38'),
(181, 2022, 6.8, 13, 76, 22, 31, 170339, '70'),
(182, 2021, 6, 14, 73.67337762, 20, 35, 829408, '12'),
(183, 2021, 8, 12.9, 51.83120203, 23, 27, 267496, '68'),
(184, 2021, 12.2, 21, 55.86648307, 21, 33, 831944, '66'),
(185, 2023, 6.4, 12.4, 61, 22.875930708471, 25.624514823373, 830560, '33'),
(186, 2022, 6.5, 15.5, 78, 19, 38, 268216, '58'),
(187, 2023, 5.8, 11.9, 11, 24.508175113569, 20.679634863319, 267127, '92'),
(188, 2023, 8.6, 17.9, 37, 23.35983127997, 27.085180452379, 168391, '13'),
(189, 2023, 9.3, 17.9, 80, 20.456225441247, 34.495078523168, 359821, '9'),
(190, 2023, 17.1, 35.6, 66, 29.499266732743, 19.259948146293, 2154092, '974'),
(191, 2022, 6.5, 11.3, 49, 25, 25, 356029, '38'),
(192, 2022, 7.1, 18.3, 86, 18, 40, 2147716, '23'),
(193, 2021, 7.7, 15.3, 55.00011085, 22, 27, 2131104, '57'),
(194, 2023, 9.9, 20, 71, 21.083619671783, 34.019661169853, 1899599, '11'),
(195, 2023, 8.6, 15.7, 73, 23.908042732751, 27.061135494433, 1895426, '80'),
(196, 2022, 8.8, 15.5, 60, 20, 35, 357191, '65'),
(197, 2022, 7.1, 14.3, 78, 22, 32, 1882578, '89'),
(198, 2022, 18, 35.6, 66, 29, 19, 377856, '974'),
(199, 2021, 9.5, 18.9, 71.18447478, 22, 29, 379707, '8'),
(200, 2021, 9, 19.3, 77.27199331, 25, 25, 1449520, '62'),
(201, 2021, 7, 13.1, 46.16007735, 27, 20, 1457875, '91'),
(202, 2021, 10.1, 20, 64.14501507, 23, 29, 1452852, '84'),
(203, 2021, 6.6, 11.2, 73.64928265, 22, 32, 381606, '56'),
(204, 2021, 7.6, 14.4, 55.40751405, 24, 26, 310804, '51'),
(205, 2021, 7.2, 12.4, 60.21996836, 23, 28, 138976, '14'),
(206, 2021, 7.9, 17, 79.58347907, 21, 33, 138931, '47'),
(207, 2023, 6.3, 12.2, 51, 24.48914256444, 26.015037593985, 139866, '25'),
(208, 2023, 7, 14.2, 55, 23.874594518151, 26.36131415894, 310161, '51'),
(209, 2023, 6.8, 12.9, 75, 24.005586631586, 29.255045250305, 311831, '72'),
(210, 2023, 6.7, 12.3, 77, 25.362965488199, 26.516199758023, 856858, '27'),
(211, 2023, 5.6, 11.5, 74, 21.991707183161, 32.743876338931, 866181, '56'),
(212, 2022, 6.7, 13.2, 46, 23, 26, 290528, '67'),
(213, 2022, 7.6, 11.4, 73, 21, 33, 288086, '40'),
(214, 2022, 6.5, 11.5, 74, 22, 33, 1310435, '56'),
(215, 2022, 10.1, 19.5, 64, 24, 29, 1308892, '84'),
(216, 2021, 6.6, 16.1, 52.05305036, 20, 31, 1309566, '2A'),
(217, 2023, 9.8, 19.4, 63, 22.654938428075, 30.892132675257, 2601802, '30'),
(218, 2023, 7.2, 13.3, 49, 23.552292876924, 22.441900676861, 2607879, '31'),
(219, 2023, 6.2, 13.2, 63, 22.424942298051, 28.702824045565, 2607335, '63'),
(220, 2022, 10.9, 18.7, 48, 23, 28, 866669, '34'),
(221, 2023, 6.2, 12.1, 82, 22.112783805978, 33.917261913614, 1252833, '22'),
(222, 2023, 5.6, 11.5, 54, 22.500770631918, 27.992527205642, 1460003, '21'),
(223, 2023, 7.1, 16.1, 84, 18.787165060118, 37.840391968712, 1459338, '24'),
(224, 2022, 5.2, 11, 81, 24, 29, 1254334, '53'),
(225, 2022, 12.9, 26.7, 62, 21, 31, 1254203, '972'),
(226, 2021, 8.6, 14.5, 46.89967562, 23, 27, 290714, '90'),
(227, 2021, 7.2, 12.1, 51.17247102, 24, 25, 1459364, '25'),
(228, 2021, 8, 12.8, 77.3834097, 20, 35, 1253568, '17'),
(229, 2021, 8, 12.9, 66.82399745, 26, 23, 1267124, '60'),
(230, 2021, 6.8, 13.2, 63.15525078, 22, 28, 1258517, '63'),
(231, 2023, 6.8, 11.4, 73, 20.770646379176, 33.293887191941, 1636156, '40'),
(232, 2023, 7, 16.6, 21, 25.394951551902, 20.747555668099, 563998, '94'),
(233, 2023, 0, 15, 81, 20.016756956479, 36.100312761827, 1631170, '32'),
(234, 2022, 8.8, 17, 44, 29, 20, 565685, '95'),
(235, 2021, 8.5, 14.8, 63.80635226, 24, 28, 1628798, '26'),
(236, 2021, 6.2, 9.2, 83.56601305, 22, 32, 563834, '85'),
(237, 2021, 7.2, 13.2, 68.06182482, 25, 26, 1425072, '45'),
(238, 2023, 9.2, 18.4, 65, 25.895828499215, 23.536216098046, 1413781, '59'),
(239, 2022, 7, 11.8, 74, 25, 28, 1411786, '28'),
(240, 2022, 7.8, 13.2, 52, 23, 27, 1657893, '68'),
(241, 2022, 7.8, 14.9, 84, 18, 39, 1668164, '46'),
(242, 2022, 5.3, 11.2, 65, 22, 31, 1664856, '39'),
(243, 2021, 9.2, 18.7, 37.46346439, 23, 26, 153113, '13'),
(244, 2021, 6.7, 10.3, 61.08199283, 25, 24, 154222, '44'),
(245, 2021, 9.9, 18, 79.65357969, 20, 34, 153197, '9'),
(246, 2022, 7.5, 14.6, 83, 20, 33, 174907, '16'),
(247, 2021, 7.5, 15.4, 53.38350119, 23, 26, 174282, '54'),
(248, 2021, 7, 18.7, 86.48040765, 17, 39, 174146, '23'),
(249, 2023, 6.8, 18.3, 86, 18.050412863972, 39.510647544546, 191322, '23'),
(250, 2023, 5.8, 14, 74, 23.06042561699, 28.943727408834, 279334, '86'),
(251, 2023, 7.3, 14.9, 84, 18.782553013887, 38.693705797938, 419507, '46'),
(252, 2023, 5.6, 14, 74, 20.015309170121, 35.443590358084, 412163, '12'),
(253, 2023, 9.9, 18.7, 48, 22.702814500776, 28.071663283241, 329848, '34'),
(254, 2022, 8.3, 15.3, 72, 20, 36, 279997, '3'),
(255, 2021, 6.2, 15.7, 77.95512575, 19, 38, 191910, '58'),
(256, 2021, 11, 18.4, 75.65524574, 24, 27, 412686, '2'),
(257, 2021, 7.7, 13.1, 75.18904259, 24, 29, 329989, '72'),
(258, 2021, 9.2, 17, 78.51299987, 24, 29, 279571, '82'),
(259, 2023, 5.5, 10, 61, 24.867590286809, 24.593676880642, 192159, '44'),
(260, 2023, 9.4, 16.2, 66, 24.455875137494, 28.298661775128, 414728, '10'),
(261, 2023, 4.6, 14.9, 78, 20.798245270456, 33.19885629235, 411528, '48'),
(262, 2023, 5.2, 11.2, 65, 22.257753177436, 31.270083064913, 330756, '39'),
(263, 2023, 8.1, 14.8, 47, 23.737192033157, 27.092447616855, 261307, '90'),
(264, 2023, 7.2, 12.8, 67, 26.282146985167, 23.660301483337, 687477, '60'),
(265, 2022, 12.3, 20.7, 56, 21, 34, 698570, '66'),
(266, 2021, 6.6, 10.6, 73.21390784, 22, 30, 694684, '29'),
(267, 2023, 5.7, 11.3, 49, 25.194654923175, 24.850568331558, 600924, '38'),
(268, 2022, 7.6, 15, 51, 24, 29, 421672, '42'),
(269, 2022, 10, 16.2, 66, 24, 28, 263504, '10'),
(270, 2022, 7.7, 16.6, 21, 26, 21, 262863, '94'),
(271, 2022, 6.6, 11, 73, 22, 31, 227229, '29'),
(272, 2022, 10.6, 19.4, 63, 23, 31, 227111, '30'),
(273, 2021, 7.8, 15, 83.52442485, 18, 38, 76604, '46'),
(274, 2021, 6.8, 11.7, 82.22552547, 22, 33, 76593, '22'),
(275, 2021, 9.8, 19.1, 65.97816224, 26, 23, 227878, '59'),
(276, 2023, 5.9, 12.5, 80, 22.399785543042, 32.479567186867, 76573, '41'),
(277, 2021, 7.3, 20.6, 50.93180072, 20, 29, 599271, '2B'),
(278, 2021, 6.8, 11.9, 11.30260118, 24, 20, 239470, '92'),
(279, 2021, 8.9, 15.8, 23.70709229, 21, 31, 389012, '6'),
(280, 2021, 6, 10.3, 63.28818502, 25, 24, 143821, '1'),
(281, 2021, 5.4, 11.8, 65.02684786, 22, 31, 605211, '39'),
(282, 2021, 5.3, 11.5, 80.61767224, 24, 29, 392328, '53'),
(283, 2023, 6.3, 11.1, 70, 25.032197236627, 26.932684690639, 392053, '49'),
(284, 2023, 7.3, 16.8, 80, 21.291618811536, 34.233868401674, 374763, '47'),
(285, 2023, 6.7, 12.4, 77, 19.946040137766, 35.915308191495, 374428, '17'),
(286, 2022, 6.3, 14, 74, 23, 29, 330012, '86'),
(287, 2022, 17.2, 75, 24, 28, 329841, 0, '971'),
(288, 2023, 9.2, 18.3, 71, 23.274525009694, 29.431875801593, 239019, '8'),
(289, 2023, 6.3, 13.2, 46, 26.986871338506, 21.118014320509, 238576, '91'),
(290, 2023, 7.2, 15.3, 46, 20.498168859739, 33.724329990943, 161872, '83'),
(291, 2023, 7.9, 14.3, 75, 21.691332436396, 33.042737839836, 161082, '7'),
(292, 2023, 7.5, 14.6, 56, 24.139184619089, 27.109525851966, 144123, '76'),
(293, 2022, 7.9, 16.8, 80, 21, 34, 143790, '47'),
(294, 2022, 7.1, 14.1, 29, 25, 22, 161208, '69'),
(295, 2021, 6.1, 12.1, 77.58852971, 22, 32, 327740, '43'),
(296, 2022, 9.8, 17.9, 80, 20, 35, 374608, '9'),
(297, 2022, 5.6, 11.4, 80, 21, 33, 650757, '50'),
(298, 2021, 8.2, 15.4, 64.96404054, 21, 32, 115555, '88'),
(299, 2021, 6.9, 13.7, 46.00877889, 22, 25, 165232, '67'),
(300, 2022, 6.6, 11.9, 11, 25, 21, 349878, '92');

--
-- Index pour les tables déchargées
--

--
-- Index pour la table `departement`
--
ALTER TABLE `departement`
  ADD PRIMARY KEY (`code_departement`),
  ADD KEY `IDX_C1765B63AEB327AF` (`region_code`);

--
-- Index pour la table `region`
--
ALTER TABLE `region`
  ADD PRIMARY KEY (`code_region`);

--
-- Index pour la table `statistique`
--
ALTER TABLE `statistique`
  ADD PRIMARY KEY (`id`),
  ADD KEY `IDX_73A038AD6A333750` (`departement_code`);

--
-- AUTO_INCREMENT pour les tables déchargées
--

--
-- AUTO_INCREMENT pour la table `statistique`
--
ALTER TABLE `statistique`
  MODIFY `id` int(11) NOT NULL AUTO_INCREMENT, AUTO_INCREMENT=301;

--
-- Contraintes pour les tables déchargées
--

--
-- Contraintes pour la table `departement`
--
ALTER TABLE `departement`
  ADD CONSTRAINT `FK_C1765B63AEB327AF` FOREIGN KEY (`region_code`) REFERENCES `region` (`code_region`);

--
-- Contraintes pour la table `statistique`
--
ALTER TABLE `statistique`
  ADD CONSTRAINT `FK_73A038AD6A333750` FOREIGN KEY (`departement_code`) REFERENCES `departement` (`code_departement`);
COMMIT;

/*!40101 SET CHARACTER_SET_CLIENT=@OLD_CHARACTER_SET_CLIENT */;
/*!40101 SET CHARACTER_SET_RESULTS=@OLD_CHARACTER_SET_RESULTS */;
/*!40101 SET COLLATION_CONNECTION=@OLD_COLLATION_CONNECTION */;
